,MDS3,MDS4
Faecalitalea.cylindroides,0.45401464200983,-0.655048450277937
Bacteroides.fragilis,-0.439680658001206,-0.08735883124309
Bacteroides.ovatus,-0.424656637522374,-0.005183581198328
Barnesiella.viscericola,0.328702630104895,0.476871829563316
Fermentimonas.caenicola,0.25088671686892,0.105636824557427
X.Clostridium..saccharolyticum,-0.21580397989946,-0.02420564409902
Bacteroides.helcogenes,-0.115809003562558,0.023933263106359
Oscillibacter.valericigenes,0.072261224528496,0.008351772480951
Lactobacillus.salivarius,-0.055137099579099,-0.044025420145445
Tannerella.forsythia,0.050453945867619,0.005906111816223
Intestinimonas.butyriciproducens,0.045022148865462,0.011237518499379
X.Eubacterium..cellulosolvens,-0.040481161138283,0.014217101783409
Ruminococcus.bicirculans,0.039988219802825,0.032865730837977
Herbinix.sp..SD1D,-0.027301087706368,-0.05430301628852
Parabacteroides.distasonis,0.019454846051296,0.053122184992467
Mesoplasma.florum,0.019106897492932,-0.027590546388975
Ethanoligenens.harbinense,-0.016662152810594,-0.000231467206655
Acetobacterium.woodii,-0.015457813606325,-0.006765132522816
Roseburia.hominis,-0.014212810142768,0.00279422538743
Mollicutes.bacterium.HR1,0.011413263578134,-0.017899300571527
Akkermansia.muciniphila,-0.009453336132281,-0.005427252981681
Lactobacillus.reuteri,0.007548899262904,0.021888171892113
Lactobacillus.fermentum,0.007319648661526,0.017375738423473
Clostridium.cellulovorans,0.006393159532525,0.024082369166241
Eubacterium.limosum,0.005251272045015,-0.001602830501823
Lactobacillus.helveticus,0.005005945760864,0.012242918134991
Ruminiclostridium.thermocellum,0.004798695574101,0.003343287642133
Adlercreutzia.equolifaciens,0.004590345197433,0.01910287280555
Lachnoclostridium.phytofermentans,-0.004171217845019,-0.000556798923046
Cellulosilyticum.lentocellum,0.004168579805518,0.00382805975236
Lactobacillus.jensenii,0.004086354039014,0.009662508981962
Slackia.heliotrinireducens,-0.003710515549952,0.005635032096442
Lactobacillus.delbrueckii,0.003543656645639,0.008228333425128
Acholeplasma.palmae,0.003433898101232,0.001297333647504
Gordonibacter.pamelaeae,0.0033285599862,0.00439057582983
Porphyromonas.asaccharolytica,0.003128713693517,0.000610855271494
Acetohalobium.arabaticum,0.002786776279426,0.002935967868995
Lactobacillus.kefiranofaciens,0.002577955762826,0.006423236843117
Eggerthella.sp..YY7918,0.002560860132347,0.0013531292719
Agathobacter.rectalis,0.002551878723614,-0.000267783815919
Lactobacillus.sanfranciscensis,0.002510104978025,0.006309535990257
Lactobacillus.ginsenosidimutans,0.002468713767856,0.005854521137035
Prevotella.intermedia,-0.001899623932571,0.000456236898102
Bacteroides.salanitronis,-0.00189047064097,-0.0043091491588
Erysipelothrix.rhusiopathiae,0.001729904917421,0.009346469495911
Acinetobacter.baumannii,0.001593280117259,0.002064090704292
Bacteroides.thetaiotaomicron,-0.001568125708972,0.000123921391872
Lactobacillus.mucosae,0.001370278288972,0.003319610651918
Lactobacillus.acidophilus,0.001326763581727,0.003222169328029
Lactobacillus.heilongjiangensis,0.001319385154071,0.003260654502468
Eggerthella.lenta,0.001204329744546,0.005881524820032
Ottowia.sp..oral.taxon.894,-0.001177493664718,0.001321800779364
Comamonas.testosteroni,0.001171867631936,0.001205787866884
Enterococcus.faecalis,-0.001118359732399,-0.000108474907198
Bacteroides.coprosuis,-0.00103198635088,0.000647055363445
Lactobacillus.buchneri,0.001012098887977,0.002410746085019
Bacteroides.vulgatus,-0.000964867548127,-0.000127564378225
Clostridium.perfringens,0.000947889531939,-0.001419821015128
Weissella.koreensis,0.00093698462677,-0.000287940800624
Paludibacter.propionicigenes,0.000883303781319,-0.000822618143847
Lactobacillus.plantarum,0.000861439392493,0.002112941723065
Ruminococcus.champanellensis,0.000841427220946,-0.000334325344576
Prevotella.denticola,-0.000753191317565,0.000606044596867
Veillonella.parvula,0.000719796701806,-8.04484404700095E-06
Nitrosomonas.sp..AL212,-0.000715876136404,0.00070355650261
Acinetobacter.johnsonii,0.000648082382968,0.000590357787333
Odoribacter.splanchnicus,0.000628914533775,0.000327635786136
Prevotella.fusca,-0.000606793731411,0.000589921207623
Ureaplasma.parvum,0.00057267847917,-0.000797327484442
Lactobacillus.hokkaidonensis,0.000568587254326,0.001388822213398
Porphyromonas.gingivalis,0.000555489638952,-0.000243568675505
Lactobacillus.sakei,0.00053353771716,0.001335542851776
Clostridium.baratii,0.000494397874835,0.001002976133126
X.Eubacterium..eligens,0.000480093269896,0.001425900189133
Lactobacillus.gasseri,0.000460490264405,0.00113353751077
Ruminococcus.albus,-0.000387957747708,0.000288458884385
Limnohabitans.sp..103DPR2,-0.000386301442409,0.000368187964243
Lactobacillus.sp..wkB8,0.000369438065958,0.00096479901786
Lactobacillus.ruminis,0.000366718574534,0.000902456515565
Lactobacillus.paracasei,0.000353559386493,0.00087136385672
Actinobacteria.bacterium.IMCC26256,0.00033515427685,-0.000491957212418
Desulfosporosinus.meridiei,0.000281352544925,0.00030065321297
Synechococcus.sp..JA.3.3Ab,-0.000276207909211,0.000417686580386
Candidatus.Phytoplasma.mali,0.000273903516644,-0.000173606239329
Desulfotomaculum.reducens,0.000269894652258,0.000847873472208
Pontibacter.korlensis,0.000266485484514,0.000322915674603
Mycoplasma.conjunctivae,0.000259370819642,-6.77662303987856E-05
Mycoplasma.fermentans,0.000253826538818,1.21532249451404E-05
Butyrivibrio.proteoclasticus,-0.000252879225616,-0.005054515192426
Marinitoga.piezophila,-0.000249406584139,-0.000166710693106
Thermovirga.lienii,0.000247165359248,-9.8103554156026E-05
Bacillus.anthracis,-0.00024350995853,5.03011238373496E-05
Clostridium.tetani,0.000241151028017,7.85608330162444E-05
Clostridium.kluyveri,-0.000223802464664,-0.000520079102797
Clostridium.bornimense,0.000215614778536,5.33122563303747E-05
Desulfotomaculum.gibsoniae,-0.000210306300457,3.35990875342862E-05
Caldilinea.aerophila,0.000197585309665,0.000123884252522
Stenotrophomonas.maltophilia,0.000182566647671,9.92130884536332E-05
Mucinivorans.hirudinis,0.000175422521084,0.000248294023231
Neisseria.gonorrhoeae,-0.000170859013479,0.000142928180329
Atopobium.parvulum,0.000163769579183,-0.000244401201521
Acinetobacter.sp..ADP1,0.000153443452584,0.000466645125523
X.Clostridium..cellulosi,0.000152222044581,2.21895734701681E-05
Thermaerobacter.marianensis,0.000146036493448,0.000167552879458
Mus.musculus,-0.000145582202936,4.49740384040005E-05
Bacillus.thuringiensis,-0.000140734030481,5.59153996226635E-05
Candidatus.Desulforudis.audaxviator,-0.000138893151265,-1.46602611341566E-05
Clostridium.sp..SY8519,-0.000134987822667,-0.000208739730329
Nitrosomonas.communis,-0.000125439669027,7.93675130314302E-05
Candidatus.Rickettsia.amblyommii,-0.000124359613225,0.000168366759981
Streptococcus.intermedius,-0.000124186458457,3.49547048610555E-05
Sphingobacterium.sp..ML3W,0.000122513317209,0.00030227242586
Jonesia.denitrificans,-0.000121426440556,0.000105234982797
Hippea.maritima,0.000116410457574,-2.33325081541031E-05
Bacillus.cereus,0.000115146512461,-5.34878283932525E-05
Homo.sapiens,0.000108148195051,0.000212977499607
Candidatus.Amoebophilus.asiaticus,0.000107111171401,-0.000128177839342
Amphibacillus.xylanus,0.000105150121304,-0.000131167983958
Streptococcus.parauberis,-0.00010428146352,2.18899685103098E-05
Bacillus.pumilus,-9.75749681231054E-05,8.80800566556717E-06
Candidatus.Azobacteroides.pseudotrichonymphae,9.55907308130668E-05,0.000471389442882
Thermobacillus.composti,8.87416918671525E-05,-9.92447726772966E-05
Streptococcus.pneumoniae,-8.36519752965812E-05,4.26878177365686E-05
Bacillus.coagulans,8.20922746222928E-05,5.84182208538487E-05
Pseudomonas.aeruginosa,8.18614094942428E-05,-6.85215049984168E-05
Alkaliphilus.oremlandii,7.85046637112582E-05,0.000301036540408
Desulfosporosinus.acidiphilus,7.70220273518976E-05,-1.50318882520423E-05
Massilia.sp..NR.4.1,-7.32590592949503E-05,0.00013528794449
Mageeibacillus.indolicus,7.22921619379139E-05,8.44151408163113E-06
Filifactor.alocis,7.15150990822264E-05,-1.42084803807535E-05
Mycoplasma.capricolum,7.1324931242445E-05,-0.000157179648108
Candidatus.Profftella.armatura,-7.06343865319916E-05,3.3514184371683E-05
Aminobacterium.colombiense,7.02599485257528E-05,4.37162017575907E-06
Halobacteroides.halobius,-6.71652038489426E-05,-1.45770969136744E-05
Orientia.tsutsugamushi,-6.44257531778613E-05,0.00014507275341
Streptococcus.sp..VT.162,-6.23716843224804E-05,8.51940005864005E-06
Candidatus.Solibacter.usitatus,-6.19650087233204E-05,-8.05448040642057E-06
Prevotella.sp..oral.taxon.299,6.14817318769976E-05,0.00049258599015
Clostridium.botulinum,-6.10619483609354E-05,5.84350076002782E-06
Bordetella.avium,6.09486020560708E-05,0.000175269902819
Cryptobacterium.curtum,6.07649577117026E-05,5.23128438308508E-05
Alcaligenes.faecalis,-5.9128519328684E-05,1.32332206633265E-05
Desulfomonile.tiedjei,5.86421206886381E-05,3.44127608149364E-05
Aerococcus.urinaeequi,5.7281644612796E-05,8.0293140867146E-05
Verminephrobacter.eiseniae,-5.63565862719173E-05,5.92327778467659E-05
Bacillus.sp..OxB.1,5.58429347417513E-05,6.92924527721427E-05
Cupriavidus.taiwanensis,5.49505343319699E-05,3.74993930718019E-05
Flavobacterium.indicum,5.19778076964885E-05,-2.51227744767141E-05
Mycoplasma.wenyonii,4.86461285749176E-05,-6.91501960447143E-05
Desulfohalobium.retbaense,4.78769674007606E-05,1.84747170837391E-05
Escherichia.coli,4.77056022419226E-05,-1.53349798102973E-06
Haemophilus.parainfluenzae,4.70725814245064E-05,1.62697828648527E-08
Sphingobacterium.sp..21,4.58049353313257E-05,8.67116037601348E-05
Bordetella.holmesii,4.57880277295478E-05,0.000141189011756
Streptococcus.suis,-4.55461414414054E-05,1.50379892334277E-05
Actinotignum.schaalii,-4.4349645716239E-05,7.14949864059363E-06
Mesotoga.prima,4.43027660933651E-05,4.46564140399635E-05
Cardinium.endosymbiont.of.Encarsia.pergandiella,4.40103698861305E-05,5.03125332599833E-05
Chroococcidiopsis.thermalis,4.2442842777786E-05,3.15486895337248E-05
Sandaracinus.amylolyticus,4.22657354670552E-05,2.88088799380286E-05
Salinicoccus.halodurans,4.21458051124548E-05,7.22368010682623E-05
Lactobacillus.rhamnosus,4.15145523483874E-05,0.000101117667772
Muricauda.lutaonensis,-4.13318359855907E-05,1.46452777982911E-05
bacterium.L21.Spi.D4,4.09835204677668E-05,5.03673900472386E-05
Burkholderia.dolosa,4.07427417069526E-05,4.25901154187356E-06
Clostridium.scatologenes,4.04450432073549E-05,2.08602336764439E-05
Francisella.tularensis,3.89473882844939E-05,1.16930612783803E-05
X.Clostridium..sticklandii,-3.88382354201021E-05,-0.00100409692013
Heliobacterium.modesticaldum,-3.73140619277422E-05,-6.23808721342795E-06
Anaerococcus.prevotii,-3.72613043922072E-05,7.99977208995835E-05
Fimbriimonas.ginsengisoli,-3.7006636438362E-05,-2.27740739480301E-06
Tetragenococcus.halophilus,3.67562337665496E-05,1.0325790275471E-05
Synechococcus.sp..PCC.7502,3.63825924831635E-05,4.34820958226838E-05
Leuconostoc.carnosum,-3.62416581028647E-05,3.28327239878733E-05
Finegoldia.magna,-3.61527730885129E-05,4.74464630597853E-05
Cellulophaga.lytica,3.56586382943162E-05,3.91691646132216E-05
Acholeplasma.oculi,-3.46510010734807E-05,-4.25335513932745E-05
Burkholderia.thailandensis,-3.42268885734262E-05,3.83419597956454E-05
Gottschalkia.acidurici,-3.33118653549729E-05,-4.74373876492988E-05
Coriobacterium.glomerans,3.19800881229669E-05,-3.48391297061566E-05
Prevotella.melaninogenica,-3.0849748100809E-05,9.93735169353582E-05
Thermodesulfatator.indicus,3.07463838780312E-05,-1.15013200214886E-05
Clostridium.acetobutylicum,-3.05124651169769E-05,-1.33130625144219E-05
Emiliania.huxleyi,3.0464827575572E-05,4.76029754636492E-05
Flavobacteriaceae.bacterium.3519.10,3.02560700089253E-05,-8.94627478932837E-06
Dehalogenimonas.lykanthroporepellens,2.8753253443814E-05,-2.41631798782611E-05
Symbiobacterium.thermophilum,2.82863548018084E-05,6.07925442088886E-05
Burkholderiales.bacterium.GJ.E10,2.8095525402916E-05,6.75352781199394E-05
Pantoea.vagans,2.80564721080298E-05,2.03415255230275E-05
Desulfotomaculum.ruminis,2.7389623936281E-05,2.79055243278751E-05
Cytophaga.hutchinsonii,-2.66098280806374E-05,-6.89729239456703E-06
Exiguobacterium.sp..MH3,-2.59488647023572E-05,-2.33734899955392E-06
Geobacillus.thermoleovorans,2.5055219723586E-05,9.35508443612803E-05
Alistipes.finegoldii,2.47197961596892E-05,-3.56920417816679E-05
Syntrophus.aciditrophicus,-2.46541955499495E-05,-7.47747064548852E-06
Peptoniphilus.sp..1.1,2.42426459294714E-05,3.45010231248518E-05
Thermobispora.bispora,-2.41523701571429E-05,6.16854102221571E-05
Rothia.mucilaginosa,2.40402213023297E-05,2.29391472480668E-05
Prevotella.ruminicola,2.4036687563593E-05,3.09799503910088E-05
Clostridium.butyricum,2.36239620599476E-05,5.3490594922459E-05
Fibrella.aestuarina,2.34625378631099E-05,1.2205262506254E-05
Bifidobacterium.longum,2.27191041563423E-05,2.95408257592699E-05
Pseudanabaena.sp..PCC.7367,-2.23578103300784E-05,1.64910312904156E-05
Bacillus.amyloliquefaciens,-2.20905469059062E-05,2.59619970238522E-05
Riemerella.anatipestifer,2.15827614999186E-05,5.16046479573836E-05
Candidatus.Sodalis.pierantonius,2.13254729926853E-05,1.67051072189192E-05
candidate.division.SR1.bacterium.RAAC1_SR1_1,2.12611409745536E-05,4.51376162690514E-05
Anoxybacillus.flavithermus,-2.12403477487214E-05,-1.60789033884306E-05
Listeria.monocytogenes,2.08644804329866E-05,5.34131004420908E-05
Megasphaera.elsdenii,2.08029183917023E-05,4.28324699599299E-05
Acidaminococcus.fermentans,2.06961912922205E-05,3.32078864092698E-05
Protochlamydia.naegleriophila,-1.92395747385817E-05,-7.38392333406358E-06
Elizabethkingia.sp..BM10,1.91519312700724E-05,1.45311008796056E-05
Acidovorax.sp..KKS102,1.87307470801205E-05,3.70213007151883E-05
Helicobacter.pylori,-1.82607633072972E-05,5.1724186562606E-05
Acinetobacter.venetianus,1.79121514154809E-05,4.33350242241307E-05
Dehalococcoides.mccartyi,1.76115424551669E-05,4.01941139292317E-06
Bacillus.subtilis,-1.73820329410959E-05,6.22383661376471E-06
Caldisericum.exile,1.73221547349111E-05,6.11442312559697E-05
Leadbetterella.byssophila,1.73030095557946E-05,-6.3009758022361E-06
Bacillus.sp..FJAT.22090,1.70201289999099E-05,3.48550095269283E-05
X.Clostridium..clariflavum,1.69793590141087E-05,4.36383575263095E-05
Cupriavidus.gilardii,-1.69178585576215E-05,1.34613759584199E-05
Mucilaginibacter.paludis,1.67246503208818E-05,3.47203749057338E-05
Wigglesworthia.glossinidia,-1.61521752049066E-05,-2.07023163291925E-05
Blattabacterium.sp...Mastotermes.darwiniensis.,1.60265316178301E-05,-2.32961866068363E-06
Micrococcus.luteus,1.57836445747508E-05,-2.42713637963764E-05
Paucibacter.sp..KCTC.42545,-1.57105437845773E-05,6.4617881852974E-06
Peptoclostridium.difficile,1.56978262810234E-05,2.1864793625923E-05
Streptococcus.agalactiae,-1.56395224712828E-05,8.75915612969813E-06
Mycoplasma.mobile,1.55539564502211E-05,-1.82838611161857E-05
Emticicia.oligotrophica,1.54350758015348E-05,-1.30928067037118E-05
Salmonella.enterica,1.53699779883279E-05,7.17215569151193E-07
Clostridium.pasteurianum,1.53068520656639E-05,5.54484147129034E-05
Desulfotomaculum.acetoxidans,1.49006182326146E-05,0.00025492437013
Streptococcus.gallolyticus,1.47890290058648E-05,2.7155592381713E-05
Parvimonas.micra,1.46608948334155E-05,2.39972657874653E-05
Alistipes.shahii,1.44349905055172E-05,1.39462906638025E-05
Streptococcus.thermophilus,-1.44210760416791E-05,-0.000133230890645
Alteromonas.mediterranea,1.43545602677386E-05,-3.6598840668341E-05
Solibacillus.silvestris,1.43237652567074E-05,4.05818498219177E-05
Sphingomonas.wittichii,1.42728372773499E-05,-2.5680833875991E-06
Methylophilales.bacterium.MBRSF5,1.4210530379568E-05,4.39021894711632E-06
Streptococcus.salivarius,1.42093313221467E-05,1.72310050447514E-05
Rhodanobacter.denitrificans,1.40716587051396E-05,-1.37143401573323E-05
Candidatus.Tachikawaea.gelatinosa,1.40310721515852E-05,2.56879962670349E-05
Leuconostoc.mesenteroides,-1.33680452791086E-05,8.54887506584236E-06
Chloracidobacterium.thermophilum,1.33290395503139E-05,-1.86834843678038E-05
Elusimicrobium.minutum,-1.32645995175269E-05,1.71440985794092E-05
Syntrophomonas.wolfei,-1.3094417673067E-05,9.73590811865166E-06
Mahella.australiensis,-1.29332820828496E-05,1.66415524808191E-05
Psychroflexus.torquis,1.27677905225697E-05,5.24240880113068E-05
Pseudomonas.sp..MT.1,-1.23464276773454E-05,-2.44777628127131E-05
Candidatus.Cloacimonas.acidaminovorans,1.22801688984797E-05,3.83043960072483E-06
Belliella.baltica,-1.22433560567173E-05,9.39493981478133E-06
Salinibacter.ruber,-1.22322887455832E-05,1.33460251167015E-05
Streptomyces.leeuwenhoekii,-1.20022386727744E-05,3.79330612198165E-05
Psychrobacter.sp..P11G3,1.13871840058638E-05,-2.9325148151886E-06
Planctopirus.limnophila,1.11902201573036E-05,2.56103758579741E-05
Caldanaerobacter.subterraneus,1.11823676665782E-05,-3.49310531616861E-06
Mycoplasma.mycoides,-1.10344416475011E-05,-3.0939800017207E-06
Pseudopedobacter.saltans,-1.08718658570784E-05,5.80943071548921E-05
Streptomyces.albulus,-1.07435672351827E-05,5.77637769066281E-06
Streptococcus.pyogenes,-1.06579614259349E-05,1.19467524127947E-06
Vibrio.cholerae,1.06267253520231E-05,-2.61284593246355E-06
Echinicola.vietnamensis,1.04191131802858E-05,-3.558224488475E-06
Deinococcus.radiodurans,-1.01640926349637E-05,8.3770040239113E-06
Desulfobacula.toluolica,1.0007246118245E-05,1.57565640855956E-05
Asticcacaulis.excentricus,9.98648824398625E-06,1.99071459577094E-06
Melioribacter.roseus,-9.98393426073476E-06,1.29909617394353E-05
endosymbiont.of.Llaveia.axin.axin,9.92974268380938E-06,-1.76558947753255E-07
Lactococcus.lactis,-9.73547980489328E-06,3.46444747856687E-05
Candidatus.Blochmannia.vafer,-9.70999690313779E-06,-1.03038123338601E-05
Rhodothermus.marinus,9.59524113381993E-06,3.93137406515913E-06
Rhodobacter.sphaeroides,9.51690886342958E-06,1.21537848038469E-05
Jonquetella.anthropi,9.45487354645916E-06,-4.90161839765623E-06
Syntrophothermus.lipocalidus,9.42397643028795E-06,-1.44311251784235E-06
Owenweeksia.hongkongensis,-9.32255527666879E-06,-1.14592486868244E-05
Tropheryma.whipplei,9.25221057870652E-06,1.09583520891261E-05
Thiolapillus.brandeum,8.68507813640514E-06,-2.70391608089672E-06
Dechloromonas.aromatica,8.63924822551988E-06,-5.31876594149817E-06
Streptococcus.mutans,8.4294200362022E-06,3.6330234538708E-05
Selenomonas.sp..oral.taxon.478,8.31898645699918E-06,-5.98319038809817E-06
Turneriella.parva,8.24187553122495E-06,-2.52714379547908E-06
Sphaerobacter.thermophilus,8.15786001305603E-06,3.71630592581701E-05
Thermincola.potens,-8.14862806420561E-06,6.19473311843096E-06
Nautilia.profundicola,-8.07800073104617E-06,-1.13638130135363E-05
Clostridium.ljungdahlii,7.85627405916843E-06,2.09287413464884E-05
Mycobacterium.tuberculosis,7.74824129200622E-06,-4.11601691099787E-06
Oscillatoria.acuminata,7.61881151509151E-06,4.23420720907203E-06
Rothia.dentocariosa,7.4820671490031E-06,1.37135770693349E-05
Chloroherpeton.thalassium,7.44786941333768E-06,2.67016750857195E-05
Actinomyces.meyeri,7.40550229441618E-06,-1.07793896784567E-05
Fusobacterium.nucleatum,7.36330222407907E-06,3.4117978086702E-05
Thecamonas.trahens,7.30188382595552E-06,2.29761088939003E-05
Neisseria.meningitidis,-7.26696576210753E-06,8.67072165215036E-06
Spiroplasma.sabaudiense,7.25056419620974E-06,-3.2686179455622E-05
Oenococcus.oeni,-7.12171917819866E-06,1.04015666565623E-05
Leptospira.interrogans,-7.10344807669902E-06,-4.57841612235165E-06
Tepidanaerobacter.acetatoxydans,-7.04277543765756E-06,-3.09372188600429E-06
Acidaminococcus.intestini,6.88710782473976E-06,1.86517864981319E-06
Stackebrandtia.nassauensis,6.76242527261986E-06,1.21830394948783E-05
Bibersteinia.trehalosi,6.63097509517092E-06,-5.18484642428338E-06
Planktothrix.agardhii,6.36897109848431E-06,1.63055779062134E-05
Cellulomonas.gilvus,6.20611503905211E-06,-2.52444305942078E-06
Eubacterium.acidaminophilum,6.15377138512543E-06,-7.09736923868534E-06
Solitalea.canadensis,6.08488632068226E-06,1.3368364296762E-06
Ralstonia.solanacearum,-6.04765551751589E-06,1.8025309515177E-05
Meiothermus.silvanus,-5.99882234563094E-06,5.75150471080239E-06
Deinococcus.proteolyticus,5.90708993491232E-06,1.27354820181113E-05
Snodgrassella.alvi,5.88784879739547E-06,-2.48943602414223E-06
Desulfurivibrio.alkaliphilus,-5.8493198768276E-06,-1.59446228924762E-06
X.Haemophilus..ducreyi,5.80834609573892E-06,1.98441442999833E-05
Candidatus.Midichloria.mitochondrii,5.50474733261377E-06,-5.40371027985429E-06
Kibdelosporangium.phytohabitans,-5.43364223991651E-06,-4.30553317271431E-06
Syntrophobotulus.glycolicus,5.27248382688487E-06,-7.17259944080564E-07
Photobacterium.gaetbulicola,5.19536055554222E-06,3.46653820384808E-05
Thermodesulfobium.narugense,5.14988343180489E-06,-2.60241775631614E-05
X.Clostridium..stercorarium,5.14312485212844E-06,-3.86530997208901E-06
Actinomyces.sp..oral.taxon.414,5.14178293948744E-06,-6.79074445800613E-06
Paenibacillus.polymyxa,5.04889885419858E-06,5.22276611018241E-06
Haliangium.ochraceum,4.82956195041889E-06,1.36317440130312E-05
Aerococcus.urinae,4.65080231846513E-06,1.30712129833593E-05
Erwinia.sp..Ejp617,4.40130862569335E-06,1.0141327834628E-05
Chryseobacterium.gallinarum,4.30431379608279E-06,0.000192896261083
Ornithobacterium.rhinotracheale,-4.29834491418735E-06,9.56765702648396E-06
Dehalogenimonas.sp..WBC.2,4.0855176658025E-06,-2.34061242991788E-05
Bacillus.methylotrophicus,-3.92418884708439E-06,-3.27442999810167E-06
Mycoplasma.pulmonis,3.85693917711557E-06,-8.7113308114374E-06
Kyrpidia.tusciae,-3.71084562738328E-06,-5.37416135653616E-06
Bacteroidales.bacterium.CF,3.68758123398018E-06,-4.17836257420196E-06
Alicyclobacillus.acidocaldarius,2.92121897449697E-06,-1.81847289082435E-05
Candidatus.Saccharibacteria.bacterium.RAAC3_TM7_1,-2.84248348487621E-06,-7.7488471596812E-06
Bifidobacterium.animalis,-2.17569986331569E-06,1.21419752418812E-05
Streptomyces.venezuelae,-1.98834187630348E-06,1.64395071803308E-05
Candidatus.Saccharibacteria.oral.taxon.TM7x,1.69733648474226E-06,2.69404281831925E-05
Neisseria.lactamica,-1.50297655639505E-06,1.00973691610868E-06
Candidatus.Ishikawaella.capsulata,1.34660064645277E-06,-3.1583239852853E-06
Selenomonas.ruminantium,1.18569056164938E-06,-8.2908605216697E-06
Staphylococcus.aureus,-1.17828807476243E-06,1.42661488508778E-05
Thermanaerovibrio.acidaminovorans,-1.06612305703903E-06,-1.09328775970017E-05
Pseudomonas.oryzihabitans,1.0545067467121E-06,8.50305547063761E-06
Mycoplasma.gallisepticum,1.05355720792801E-06,-3.58126249771405E-05
Bifidobacterium.adolescentis,-1.03026896340216E-06,9.35692902671765E-06
Streptomyces.nodosus,8.90272199443897E-07,-6.91851427011203E-06
Halothermothrix.orenii,8.35254716831965E-07,1.00755111904082E-05
Buchnera.aphidicola,-7.49650676879967E-07,4.06906366466587E-06
Alkaliphilus.metalliredigens,7.28017226077789E-07,0.000116330509544
Lactococcus.piscium,-7.03045750527883E-07,1.38183170929998E-05
Weeksella.virosa,-2.13465493612491E-07,3.11257143702346E-05
Leptotrichia.buccalis,-1.46877303028445E-07,-1.76974085629734E-05
Leuconostoc.citreum,1.23864511594855E-07,-1.56943521720906E-06
Rhodococcus.erythropolis,1.02463817612048E-07,2.87784764814892E-05
