"","corr","p","specie","behavioral_feature","p_val_corr"
"1",0.671328671328671,0.0204418784224505,"Bacteroides thetaiotaomicron","Eating_Rate_[mg_sec]_HF_channel",3.57732872392884
"2",-0.584939601062519,0.0457390744101121,"Bacteroides thetaiotaomicron","Latency_First_Meal_[min]_SC_channel",8.00433802176962
"3",-0.594405594405594,0.0457531000864937,"Akkermansia muciniphila","Latency_First_Meal_[min]_HF_channel",8.00679251513641
"4",0.581436968720827,0.0473735961718799,"Akkermansia muciniphila","Latency_First_Meal_[min]_SC_channel",8.29037933007899
"5",-0.566666666666667,0.054720171391796,"Bacteroides vulgatus","Average_Satiety_Ratio_[min_g]_SC_channel",9.5760299935643
"6",-0.563157894736842,0.0565759568323391,"Bacteroides vulgatus","Latency_First_Meal_[min]_SC_channel",9.90079244565935
"7",-0.54641064530391,0.066040604068235,"Akkermansia muciniphila","Total_Meal_Duration_[min]_SC_channel",11.5571057119411
"8",-0.53859649122807,0.0708099291505986,"Bacteroides vulgatus","Satiety_ratio_SC_channel",12.3917376013548
"9",-0.535902748278835,0.0725074830303382,"Bacteroides vulgatus","BMI2",12.6888095303092
"10",0.510489510489511,0.0936053800282637,"Akkermansia muciniphila","Intermeal_Interval_[min]_HF_channel",16.3809415049462
"11",0.510489510489511,0.0936053800282637,"Bacteroides ovatus","Latency_First_Meal_[min]_HF_channel",16.3809415049462
"12",-0.497373792520226,0.0999138724178622,"Bacteroides vulgatus","weight",17.4849276731259
"13",-0.493834072919699,0.102735014106089,"Bacteroides fragilis","Latency_First_Meal_[min]_SC_channel",17.9786274685655
"14",0.479860630811767,0.114389357710045,"Bacteroides vulgatus","Total_Meal_Size_[g]_HF_channel",20.0181375992579
"15",0.472855366128384,0.120547316089846,"Bacteroides vulgatus","Average_Meal_Size_[g]_HF_channel",21.095780315723
"16",-0.475524475524476,0.121319356446693,"Akkermansia muciniphila","BMI",21.2308873781713
"17",0.468531468531469,0.127472652576309,"Akkermansia muciniphila","Total_Intake_[g]_HF_channel",22.307714200854
"18",0.468531468531469,0.127472652576309,"Bacteroides thetaiotaomicron","Latency_First_Meal_[min]_HF_channel",22.307714200854
"19",-0.459001759942142,0.133356917256359,"Bacteroides vulgatus","size",23.3374605198628
"20",0.458844836761617,0.133506869463948,"Bacteroides thetaiotaomicron","Average_Meal_Duration_[min]_SC_channel",23.3637021561909
"21",0.457894736842105,0.134417101520256,"Bacteroides vulgatus","Total_Meal_Duration_[min]_SC_channel",23.5229927660447
"22",0.440559440559441,0.154215750256718,"Akkermansia muciniphila","energy_intake_HF_channel",26.9877562949257
"23",0.434326410369775,0.158293943667979,"Akkermansia muciniphila","Average_Satiety_Ratio_[min_g]_SC_channel",27.7014401418964
"24",-0.433566433566434,0.161446426349823,"Bacteroides ovatus","weight",28.2531246112191
"25",-0.433566433566434,0.161446426349823,"Bacteroides ovatus","BMI2",28.2531246112191
"26",-0.433566433566434,0.161446426349823,"Bacteroides thetaiotaomicron","Total_Meal_Duration_[min]_HF_channel",28.2531246112191
"27",-0.426573426573427,0.168899525405203,"Bacteroides ovatus","Total_Meal_Duration_[min]_HF_channel",29.5574169459105
"28",0.426573426573427,0.168899525405203,"Bacteroides ovatus","energy_intake_HF_channel",29.5574169459105
"29",0.426573426573427,0.168899525405203,"Bacteroides thetaiotaomicron","Average_Meal_Size_[g]_HF_channel",29.5574169459105
"30",0.420315881003008,0.173686060459266,"Akkermansia muciniphila","Satiety_ratio_SC_channel",30.3950605803716
"31",0.41958041958042,0.176577010697551,"Bacteroides ovatus","Eating_Rate_[mg_sec]_HF_channel",30.9009768720714
"32",-0.415789473684211,0.178852119246953,"Bacteroides vulgatus","Average_Intermeal_Interval_[min]_SC_channel",31.2991208682169
"33",0.413626757745988,0.181353948433955,"Akkermansia muciniphila","size",31.7369409759421
"34",-0.413310616319624,0.181721477401602,"Akkermansia muciniphila","Average_Meal_Duration_[min]_SC_channel",31.8012585452803
"35",0.405594405594406,0.192612183946047,"Bacteroides thetaiotaomicron","Average_Intermeal_Interval_[min]_HF_channel",33.7071321905583
"36",0.395797454611166,0.2028076432501,"Bacteroides thetaiotaomicron","Total_Meal_Duration_[min]_SC_channel",35.4913375687675
"37",-0.376996552156906,0.227039282806479,"Bacteroides vulgatus","Reliability_[perc]_SC_channel",39.7318744911338
"38",0.377622377622378,0.227443132465378,"Akkermansia muciniphila","Total_Meal_Duration_[min]_HF_channel",39.8025481814412
"39",-0.374403530718351,0.230511244314211,"Bacteroides ovatus","size",40.3394677549869
"40",-0.360771131194248,0.24928250596238,"Bacteroides ovatus","Average_Satiety_Ratio_[min_g]_SC_channel",43.6244385434166
"41",0.345078979449959,0.271964979807583,"Bacteroides fragilis","BMI",47.593871466327
"42",0.342657342657343,0.276230512588156,"Bacteroides ovatus","Average_Intermeal_Interval_[min]_HF_channel",48.3403397029273
"43",-0.335664335664336,0.286690914249746,"Bacteroides thetaiotaomicron","Average_Meal_Duration_[min]_HF_channel",50.1709099937055
"44",-0.327515871977346,0.29870715021716,"Akkermansia muciniphila","Reliability_[perc]_HF_channel",52.2737512880031
"45",-0.318739543093948,0.312601676218412,"Bacteroides ovatus","Satiety_ratio_SC_channel",54.7052933382221
"46",0.314035087719298,0.32019416150228,"Bacteroides vulgatus","Average_Meal_Duration_[min]_SC_channel",56.033978262899
"47",0.311734278410564,0.323943941249951,"Bacteroides vulgatus","Eating_Rate_[mg_sec]_HF_channel",56.6901897187415
"48",0.311734278410564,0.323943941249951,"Bacteroides vulgatus","Latency_First_Meal_[min]_HF_channel",56.6901897187415
"49",0.306882602457242,0.331929318898611,"Bacteroides vulgatus","Average_Meal_Size[g]_SC_channel",58.0876308072568
"50",-0.300699300699301,0.342483375440192,"Akkermansia muciniphila","Average_Intermeal_Interval_[min]_HF_channel",59.9345907020337
"51",-0.300699300699301,0.342483375440192,"Bacteroides ovatus","Average_Meal_Duration_[min]_HF_channel",59.9345907020337
"52",0.296491228070175,0.349387282632114,"Bacteroides vulgatus","First_Meal_Size_[g]_SC_channel",61.14277446062
"53",-0.290718484360414,0.359292817671478,"Bacteroides ovatus","Latency_First_Meal_[min]_SC_channel",62.8762430925087
"54",0.290718484360414,0.359292817671478,"Bacteroides thetaiotaomicron","Average_Intermeal_Interval_[min]_SC_channel",62.8762430925087
"55",-0.285259832928268,0.36879403060518,"Bacteroides thetaiotaomicron","size",64.5389553559066
"56",0.284547404742231,0.370043662697328,"Akkermansia muciniphila","Reliability_[perc]_SC_channel",64.7576409720325
"57",-0.268081353870694,0.399535310656744,"Bacteroides fragilis","Average_Intermeal_Interval_[min]_SC_channel",69.9186793649301
"58",0.265734265734266,0.40397665927503,"Bacteroides ovatus","Average_Meal_Size_[g]_HF_channel",70.6959153731302
"59",0.261026581400413,0.412523004969612,"Bacteroides fragilis","Total_Meal_Duration_[min]_SC_channel",72.1915258696821
"60",0.26056984162548,0.413371020433275,"Bacteroides fragilis","Average_Satiety_Ratio_[min_g]_HF_channel",72.3399285758231
"61",0.258741258741259,0.416938426539878,"Bacteroides thetaiotaomicron","energy_intake_HF_channel",72.9642246444787
"62",0.255692160943496,0.422481142333308,"Bacteroides vulgatus","energy_intake_HF_channel",73.9341999083289
"63",0.25352741347344,0.426555665860928,"Bacteroides fragilis","Satiety_ratio_HF_channel",74.6472415256623
"64",0.25352741347344,0.426555665860928,"Bacteroides thetaiotaomicron","Average_Meal_Size[g]_SC_channel",74.6472415256623
"65",0.247803546140112,0.437421291301066,"Bacteroides vulgatus","Meal_Number_SC_channel",76.5487259776865
"66",0.244755244755245,0.443504275627885,"Bacteroides ovatus","First_Meal_Size_[g]_HF_channel",77.6132482348799
"67",-0.241681631576729,0.449188744038428,"Bacteroides vulgatus","First_Meal_Size_[g]_HF_channel",78.6080302067248
"68",-0.23944255716936,0.453529963414165,"Bacteroides fragilis","Eating_Rate_[mg_sec]_HF_channel",79.3677435974789
"69",-0.23944255716936,0.453529963414165,"Bacteroides fragilis","energy_intake_HF_channel",79.3677435974789
"70",-0.233333333333333,0.465475153975573,"Bacteroides vulgatus","Preference_SC_vs_HF",81.4581519457253
"71",-0.227671102209963,0.476675824398499,"Bacteroides vulgatus","Average_Meal_Duration_[min]_HF_channel",83.4182692697373
"72",-0.227671102209963,0.476675824398499,"Bacteroides thetaiotaomicron","Preference_SC_vs_HF",83.4182692697373
"73",0.223776223776224,0.484911140402734,"Bacteroides ovatus","Total_Intake_[g]_HF_channel",84.8594495704785
"74",-0.223776223776224,0.484911140402735,"Bacteroides thetaiotaomicron","BMI2",84.8594495704785
"75",0.22280701754386,0.486395537866769,"Bacteroides vulgatus","Total_Intake_SC_channel_[g]",85.1192191266845
"76",0.22280701754386,0.486395537866769,"Bacteroides vulgatus","Total_Meal_Size_[g]_SC_channel",85.1192191266845
"77",0.22280701754386,0.486395537866769,"Bacteroides vulgatus","energy_intake_SC_channel",85.1192191266845
"78",-0.218697946578724,0.494676000860849,"Bacteroides fragilis","Satiety_ratio_SC_channel",86.5683001506485
"79",-0.216783216783217,0.499114747625363,"Bacteroides ovatus","Intermeal_Interval_[min]_HF_channel",87.3450808344385
"80",-0.211643174108443,0.509038444617636,"Bacteroides fragilis","Average_Satiety_Ratio_[min_g]_SC_channel",89.0817278080863
"81",0.210157940501504,0.512085328993753,"Akkermansia muciniphila","Average_Intermeal_Interval_[min]_SC_channel",89.6149325739068
"82",0.210157940501504,0.512085328993753,"Akkermansia muciniphila","Preference_SC_vs_HF",89.6149325739068
"83",0.210157940501504,0.512085328993753,"Bacteroides vulgatus","Meal_Number_HF_channel",89.6149325739068
"84",-0.20423041640916,0.524324327435999,"Bacteroides fragilis","Total_Meal_Duration_[min]_HF_channel",91.7567573012998
"85",-0.188811188811189,0.557827775088338,"Bacteroides thetaiotaomicron","Satiety_ratio_HF_channel",97.6198606404591
"86",0.188811188811189,0.557827775088338,"Akkermansia muciniphila","First_Meal_Size_[g]_HF_channel",97.6198606404592
"87",-0.185639514109662,0.563504135774586,"Bacteroides ovatus","First_Meal_Size_[g]_SC_channel",98.6132237605525
"88",-0.181818181818182,0.572958221209956,"Bacteroides thetaiotaomicron","Meal_Number_HF_channel",100.267688711742
"89",-0.181818181818182,0.572958221209956,"Bacteroides thetaiotaomicron","Intermeal_Interval_[min]_HF_channel",100.267688711742
"90",-0.181818181818182,0.572958221209956,"Bacteroides thetaiotaomicron","weight",100.267688711742
"91",0.178634249426278,0.578567183873968,"Bacteroides vulgatus","Total_Intake_[g]_HF_channel",101.249257177944
"92",0.174825174825175,0.588259894923335,"Akkermansia muciniphila","Total_Meal_Size_[g]_HF_channel",102.945481611584
"93",0.174825174825175,0.588259894923335,"Akkermansia muciniphila","Average_Meal_Size_[g]_HF_channel",102.945481611584
"94",-0.171856644710192,0.593289782095163,"Bacteroides vulgatus","Reliability_[perc]_HF_channel",103.825711866654
"95",0.169314539286754,0.59884872674568,"Bacteroides fragilis","Eating_Rate_[mg_sec]_SC_channel",104.798527180494
"96",0.164623720059511,0.60915800878752,"Bacteroides thetaiotaomicron","Intermeal_Interval_[min]_SC_channel",106.602651537816
"97",-0.16112108771782,0.616898856154857,"Akkermansia muciniphila","Intermeal_Interval_[min]_SC_channel",107.9572998271
"98",-0.160839160839161,0.619356169033867,"Bacteroides ovatus","Meal_Number_HF_channel",108.387329580927
"99",0.159649122807018,0.620162681345592,"Bacteroides vulgatus","Intermeal_Interval_[min]_SC_channel",108.528469235479
"100",0.159649122807018,0.620162681345592,"Bacteroides vulgatus","Eating_Rate_[mg_sec]_SC_channel",108.528469235479
"101",0.157618455376128,0.624675666406758,"Bacteroides thetaiotaomicron","Total_Intake_SC_channel_[g]",109.318241621183
"102",0.157618455376128,0.624675666406758,"Bacteroides thetaiotaomicron","Total_Meal_Size_[g]_SC_channel",109.318241621183
"103",0.157618455376128,0.624675666406758,"Bacteroides thetaiotaomicron","energy_intake_SC_channel",109.318241621183
"104",-0.15493341934488,0.630661125750179,"Akkermansia muciniphila","Average_Meal_Size[g]_SC_channel",110.365697006281
"105",-0.15493341934488,0.630661125750179,"Bacteroides fragilis","Total_Intake_[g]_HF_channel",110.365697006281
"106",0.153846153846154,0.635139955377586,"Akkermansia muciniphila","Average_Meal_Duration_[min]_HF_channel",111.149492191078
"107",-0.150613190692744,0.640334525075013,"Bacteroides vulgatus","Intermeal_Interval_[min]_HF_channel",112.058541888127
"108",0.14815022187591,0.645872547612965,"Bacteroides fragilis","Average_Meal_Duration_[min]_SC_channel",113.027695832269
"109",0.13380613488876,0.678446686329941,"Bacteroides fragilis","BMI2",118.72817010774
"110",0.133502821662769,0.679141197589904,"Bacteroides fragilis","Reliability_[perc]_HF_channel",118.849709578233
"111",0.133100028984286,0.680063845919737,"Akkermansia muciniphila","First_Meal_Size_[g]_SC_channel",119.011173035954
"112",-0.132867132867133,0.683365534284606,"Bacteroides thetaiotaomicron","Average_Satiety_Ratio_[min_g]_HF_channel",119.588968499806
"113",-0.12676370673672,0.694630325869081,"Bacteroides fragilis","Intermeal_Interval_[min]_HF_channel",121.560307027089
"114",-0.12676370673672,0.694630325869081,"Bacteroides fragilis","First_Meal_Size_[g]_HF_channel",121.560307027089
"115",0.124767951229465,0.699238307618635,"Bacteroides ovatus","Reliability_[perc]_HF_channel",122.366703833261
"116",-0.120169637139191,0.709890617073526,"Bacteroides fragilis","Reliability_[perc]_SC_channel",124.230857987867
"117",-0.119326331020935,0.711849439241826,"Bacteroides ovatus","Reliability_[perc]_SC_channel",124.57365186732
"118",-0.112876359524503,0.726883530887412,"Bacteroides fragilis","Total_Intake_SC_channel_[g]",127.204617905297
"119",-0.112876359524503,0.726883530887412,"Bacteroides fragilis","Total_Meal_Size_[g]_SC_channel",127.204617905297
"120",-0.112876359524503,0.726883530887412,"Bacteroides fragilis","energy_intake_SC_channel",127.204617905297
"121",0.11267885043264,0.727345327944012,"Bacteroides fragilis","Average_Intermeal_Interval_[min]_HF_channel",127.285432390202
"122",0.111888111888112,0.732775446034506,"Bacteroides thetaiotaomicron","First_Meal_Size_[g]_HF_channel",128.235703056039
"123",-0.108581602592444,0.736943708354792,"Bacteroides ovatus","Preference_SC_vs_HF",128.965148962089
"124",0.108581602592444,0.736943708354793,"Bacteroides ovatus","Total_Meal_Duration_[min]_SC_channel",128.965148962089
"125",-0.101755012344263,0.753012276329634,"Bacteroides ovatus","Meal_Number_SC_channel",131.777148357686
"126",0.10157633790906,0.753434083780813,"Bacteroides thetaiotaomicron","Eating_Rate_[mg_sec]_SC_channel",131.850964661642
"127",-0.10157633790906,0.753434083780813,"Bacteroides ovatus","Intermeal_Interval_[min]_SC_channel",131.850964661642
"128",-0.099290780141844,0.758835160620268,"Bacteroides fragilis","Average_Meal_Size[g]_SC_channel",132.796153108547
"129",-0.0985939941285598,0.760483740071229,"Bacteroides fragilis","Meal_Number_HF_channel",133.084654512465
"130",-0.0980737055673685,0.761715327826085,"Bacteroides vulgatus","Satiety_ratio_HF_channel",133.300182369565
"131",-0.0945710732256767,0.77001958268201,"Bacteroides thetaiotaomicron","First_Meal_Size_[g]_SC_channel",134.753426969352
"132",-0.0875658085422933,0.786694014208633,"Bacteroides vulgatus","Average_Satiety_Ratio_[min_g]_HF_channel",137.671452486511
"133",-0.0845091378244798,0.793995995909263,"Bacteroides fragilis","Latency_First_Meal_[min]_HF_channel",138.949299284121
"134",-0.0770579115172181,0.811858676333336,"Bacteroides vulgatus","Average_Intermeal_Interval_[min]_HF_channel",142.075268358334
"135",-0.0754099049976868,0.815820853390936,"Bacteroides fragilis","size",142.768649343414
"136",0.0705477247028142,0.827533405565404,"Bacteroides fragilis","Preference_SC_vs_HF",144.818345973946
"137",0.0704242815203999,0.827831199192635,"Bacteroides fragilis","Average_Meal_Duration_[min]_HF_channel",144.870459858711
"138",0.0701819725665741,0.828415804422656,"Bacteroides thetaiotaomicron","Reliability_[perc]_HF_channel",144.972765773965
"139",-0.0699300699300699,0.834447145237479,"Akkermansia muciniphila","BMI2",146.028250416559
"140",0.0699300699300699,0.834447145237479,"Bacteroides thetaiotaomicron","Total_Intake_[g]_HF_channel",146.028250416559
"141",-0.0633818533683599,0.844853681587023,"Bacteroides fragilis","Average_Meal_Size_[g]_HF_channel",147.849394277729
"142",0.0633818533683599,0.844853681587023,"Bacteroides ovatus","Average_Meal_Size[g]_SC_channel",147.849394277729
"143",-0.0595447498087594,0.854154624623348,"Bacteroides vulgatus","Total_Meal_Duration_[min]_HF_channel",149.477059309086
"144",-0.0560421174670677,0.86265976262528,"Akkermansia muciniphila","Total_Intake_SC_channel_[g]",150.965458459424
"145",-0.0560421174670677,0.86265976262528,"Akkermansia muciniphila","Total_Meal_Size_[g]_SC_channel",150.965458459424
"146",-0.0560421174670677,0.86265976262528,"Akkermansia muciniphila","energy_intake_SC_channel",150.965458459424
"147",0.0530038644759576,0.870048178005232,"Bacteroides fragilis","Meal_Number_SC_channel",152.258431150916
"148",-0.048951048951049,0.88633510886492,"Bacteroides ovatus","BMI",155.108644051361
"149",-0.0420315881003008,0.896806151754385,"Bacteroides vulgatus","BMI",156.941076557017
"150",-0.041958041958042,0.903738836202369,"Akkermansia muciniphila","Average_Satiety_Ratio_[min_g]_HF_channel",158.154296335415
"151",0.041958041958042,0.90373883620237,"Akkermansia muciniphila","Meal_Number_HF_channel",158.154296335415
"152",-0.0385967288202377,0.90520427467114,"Akkermansia muciniphila","Meal_Number_SC_channel",158.410748067449
"153",0.0385967288202377,0.90520427467114,"Bacteroides thetaiotaomicron","Meal_Number_SC_channel",158.41074806745
"154",0.0352738623514071,0.913337080093622,"Bacteroides fragilis","First_Meal_Size_[g]_SC_channel",159.833989016384
"155",-0.0352121407601999,0.913488219830278,"Bacteroides fragilis","weight",159.860438470299
"156",0.034965034965035,0.921184082791962,"Akkermansia muciniphila","Eating_Rate_[mg_sec]_HF_channel",161.207214488593
"157",-0.034965034965035,0.921184082791962,"Bacteroides ovatus","Satiety_ratio_HF_channel",161.207214488593
"158",-0.0315236910752256,0.92252486452154,"Bacteroides ovatus","Average_Intermeal_Interval_[min]_SC_channel",161.44185129127
"159",0.0315236910752256,0.92252486452154,"Bacteroides thetaiotaomicron","Satiety_ratio_SC_channel",161.44185129127
"160",0.0281697126081599,0.930749393226466,"Bacteroides fragilis","Total_Meal_Size_[g]_HF_channel",162.881143814632
"161",-0.027972027972028,0.9386633634935,"Akkermansia muciniphila","Satiety_ratio_HF_channel",164.266088611363
"162",-0.0211643174108443,0.947947031653805,"Bacteroides fragilis","Intermeal_Interval_[min]_SC_channel",165.890730539416
"163",-0.0183578970801439,0.95484265706236,"Bacteroides thetaiotaomicron","Reliability_[perc]_SC_channel",167.097464985913
"164",0.0175131617084587,0.956918823900548,"Bacteroides ovatus","Total_Intake_SC_channel_[g]",167.460794182596
"165",0.0175131617084587,0.956918823900548,"Bacteroides ovatus","Total_Meal_Size_[g]_SC_channel",167.460794182596
"166",0.0175131617084587,0.956918823900548,"Bacteroides ovatus","Average_Meal_Duration_[min]_SC_channel",167.460794182596
"167",0.0175131617084587,0.956918823900548,"Bacteroides ovatus","energy_intake_SC_channel",167.460794182596
"168",0.013986013986014,0.973693903956088,"Bacteroides ovatus","Average_Satiety_Ratio_[min_g]_HF_channel",170.396433192315
"169",0.013986013986014,0.973693903956088,"Bacteroides thetaiotaomicron","Total_Meal_Size_[g]_HF_channel",170.396433192315
"170",-0.013986013986014,0.973693903956088,"Bacteroides ovatus","Total_Meal_Size_[g]_HF_channel",170.396433192315
"171",0.0105078970250752,0.974144528820463,"Bacteroides ovatus","Eating_Rate_[mg_sec]_SC_channel",170.475292543581
"172",-0.00700526468338346,0.982761609403465,"Akkermansia muciniphila","Eating_Rate_[mg_sec]_SC_channel",171.983281645606
"173",0.00699300699300699,0.991230036057101,"Akkermansia muciniphila","weight",173.465256309993
"174",-0.00350263234169173,0.991380381721317,"Bacteroides thetaiotaomicron","Average_Satiety_Ratio_[min_g]_SC_channel",173.49156680123
"175",0,1,"Bacteroides thetaiotaomicron","BMI",175
