"","corr","p","specie","behavioral_feature","p_val_corr"
"1",-0.539575669116119,0.00650404623424551,"Bacteroides vulgatus","size",1.13820809099296
"2",-0.50983550695307,0.010926053073051,"Bacteroides thetaiotaomicron","size",1.91205928778392
"3",-0.476632851830162,0.0185338492470956,"Bacteroides ovatus","size",3.24342361824173
"4",-0.468126734129458,0.0210544412123802,"Akkermansia muciniphila","Latency_First_Meal_[min]_HF_channel",3.68452721216654
"5",0.42271145395272,0.0395986659361681,"Akkermansia muciniphila","Total_Meal_Duration_[min]_HF_channel",6.92976653882941
"6",0.406086956521739,0.0500090642955281,"Bacteroides thetaiotaomicron","energy_intake_HF_channel",8.75158625171742
"7",-0.402537425660521,0.0511575041010871,"Bacteroides vulgatus","Eating_Rate_[mg_sec]_SC_channel",8.95256321769024
"8",0.396855572746746,0.0548454889263634,"Bacteroides vulgatus","Latency_First_Meal_[min]_SC_channel",9.59796056211359
"9",-0.391304347826087,0.0596063812866753,"Bacteroides thetaiotaomicron","weight",10.4311167251682
"10",0.372055949140204,0.0734064366005769,"Bacteroides ovatus","Latency_First_Meal_[min]_SC_channel",12.846126405101
"11",0.369225325698446,0.0757960592031729,"Bacteroides fragilis","Average_Satiety_Ratio_[min_g]_HF_channel",13.2643103605553
"12",-0.358572807690979,0.0853204138927681,"Bacteroides vulgatus","weight",14.9310724312344
"13",-0.356521739130435,0.0878745817825532,"Bacteroides ovatus","weight",15.3780518119468
"14",-0.347317247667258,0.0963327661186108,"Bacteroides ovatus","Meal_Number_SC_channel",16.8582340707569
"15",-0.342361342870798,0.101503326627096,"Bacteroides ovatus","Eating_Rate_[mg_sec]_SC_channel",17.7630821597418
"16",-0.339035087719298,0.105087033639801,"Akkermansia muciniphila","Total_Meal_Duration_[min]_SC_channel",18.3902308869651
"17",-0.335374376689761,0.109138046139549,"Akkermansia muciniphila","Average_Intermeal_Interval_[min]_HF_channel",19.0991580744211
"18",0.333913043478261,0.111106155982844,"Bacteroides thetaiotaomicron","Total_Meal_Duration_[min]_HF_channel",19.4435772969978
"19",0.328695652173913,0.117064930281453,"Bacteroides ovatus","energy_intake_HF_channel",20.4863627992543
"20",0.325035277839259,0.121198347690801,"Akkermansia muciniphila","Meal_Number_HF_channel",21.2097108458901
"21",-0.323697666372482,0.12282667771005,"Bacteroides fragilis","size",21.4946685992588
"22",-0.322925299477166,0.123774115555348,"Akkermansia muciniphila","Reliability_[perc]_HF_channel",21.660470222186
"23",-0.322781293621297,0.123951347751469,"Bacteroides ovatus","Total_Intake_SC_channel_[g]",21.691485856507
"24",-0.322781293621297,0.123951347751469,"Bacteroides ovatus","Total_Meal_Size_[g]_SC_channel",21.691485856507
"25",-0.322608695652174,0.124313256191094,"Bacteroides ovatus","Average_Intermeal_Interval_[min]_HF_channel",21.7548198334414
"26",0.319966220853199,0.127453010081461,"Bacteroides fragilis","Satiety_ratio_HF_channel",22.3042767642556
"27",-0.318542038047887,0.129251546768769,"Bacteroides vulgatus","Meal_Number_SC_channel",22.6190206845346
"28",-0.315946784758753,0.132575973116164,"Bacteroides vulgatus","Intermeal_Interval_[min]_SC_channel",23.2007952953286
"29",-0.315452864380464,0.133215574884588,"Bacteroides ovatus","Intermeal_Interval_[min]_SC_channel",23.3127256048029
"30",-0.314123740916334,0.134947742647435,"Bacteroides fragilis","Average_Meal_Size_[g]_HF_channel",23.6158549633012
"31",0.313923423624121,0.135210200664066,"Bacteroides fragilis","Average_Meal_Duration_[min]_SC_channel",23.6617851162116
"32",0.310046624283503,0.140362067377767,"Bacteroides thetaiotaomicron","Latency_First_Meal_[min]_SC_channel",24.5633617911092
"33",-0.302608695652174,0.150462932470479,"Bacteroides thetaiotaomicron","Average_Intermeal_Interval_[min]_HF_channel",26.3310131823338
"34",0.292301028086709,0.165739810734282,"Bacteroides ovatus","Meal_Number_HF_channel",29.0044668784994
"35",0.289473684210526,0.17006130981919,"Akkermansia muciniphila","Latency_First_Meal_[min]_SC_channel",29.7607292183583
"36",-0.283845501104615,0.178896149346412,"Bacteroides ovatus","energy_intake_SC_channel",31.306826135622
"37",0.282972130331986,0.18029503285448,"Bacteroides ovatus","Preference_SC_vs_HF",31.551630749534
"38",0.282608695652174,0.180369104417509,"Bacteroides ovatus","Total_Meal_Duration_[min]_HF_channel",31.5645932730641
"39",-0.282912911898809,0.18039015607338,"Bacteroides fragilis","Eating_Rate_[mg_sec]_HF_channel",31.5682773128415
"40",0.278168591082523,0.188123953126447,"Akkermansia muciniphila","Total_Meal_Size_[g]_HF_channel",32.9216917971283
"41",-0.277816125632595,0.188707445280462,"Bacteroides vulgatus","Total_Intake_SC_channel_[g]",33.0238029240809
"42",-0.277816125632595,0.188707445280462,"Bacteroides vulgatus","Total_Meal_Size_[g]_SC_channel",33.0238029240809
"43",0.274782608695652,0.193138691879696,"Bacteroides thetaiotaomicron","Total_Intake_[g]_HF_channel",33.7992710789468
"44",-0.273044294562834,0.1967293310658,"Bacteroides vulgatus","Average_Meal_Size_[g]_HF_channel",34.427632936515
"45",0.271857354991359,0.198760192949176,"Bacteroides thetaiotaomicron","Meal_Number_HF_channel",34.7830337661058
"46",-0.271540572814528,0.199304609275815,"Bacteroides vulgatus","Eating_Rate_[mg_sec]_HF_channel",34.8783066232677
"47",-0.268859649122807,0.203952575361414,"Akkermansia muciniphila","energy_intake_SC_channel",35.6917006882474
"48",0.268059283419469,0.20535427960864,"Bacteroides vulgatus","Total_Meal_Duration_[min]_HF_channel",35.936998931512
"49",0.267228003731571,0.206817000923501,"Bacteroides vulgatus","Reliability_[perc]_SC_channel",36.1929751616126
"50",0.266753799896323,0.207654552658281,"Bacteroides vulgatus","energy_intake_HF_channel",36.3395467151992
"51",0.265735890121169,0.209460129290386,"Bacteroides vulgatus","Preference_SC_vs_HF",36.6555226258175
"52",0.265324399883149,0.210193025026866,"Bacteroides fragilis","Total_Meal_Duration_[min]_SC_channel",36.7837793797015
"53",0.263213724054982,0.213979415256277,"Bacteroides ovatus","Reliability_[perc]_SC_channel",37.4463976698485
"54",-0.251087997618561,0.236616555052511,"Bacteroides vulgatus","Average_Intermeal_Interval_[min]_HF_channel",41.4078971341895
"55",-0.249456790462899,0.239777440114064,"Bacteroides ovatus","Average_Meal_Size[g]_SC_channel",41.9610520199613
"56",-0.246086956521739,0.245294933841406,"Bacteroides thetaiotaomicron","BMI2",42.926613422246
"57",0.246495221364523,0.245586685723617,"Bacteroides vulgatus","Reliability_[perc]_HF_channel",42.9776700016329
"58",0.246290557881543,0.245991501843669,"Akkermansia muciniphila","energy_intake_HF_channel",43.0485128226421
"59",0.243548330878461,0.251457470481872,"Bacteroides thetaiotaomicron","Reliability_[perc]_SC_channel",44.0050573343275
"60",0.241923704018395,0.254732638285969,"Bacteroides thetaiotaomicron","Average_Meal_Duration_[min]_SC_channel",44.5782117000446
"61",-0.239745564003873,0.259166752356426,"Akkermansia muciniphila","Total_Intake_SC_channel_[g]",45.3541816623745
"62",-0.239745564003873,0.259166752356426,"Akkermansia muciniphila","Total_Meal_Size_[g]_SC_channel",45.3541816623745
"63",0.239511953596054,0.259645253939836,"Bacteroides vulgatus","Average_Meal_Duration_[min]_SC_channel",45.4379194394712
"64",-0.237224233312354,0.264361211166076,"Bacteroides thetaiotaomicron","Meal_Number_SC_channel",46.2632119540633
"65",-0.22945944459476,0.280774692005147,"Bacteroides vulgatus","energy_intake_SC_channel",49.1355711009007
"66",-0.225976327151364,0.288341828631075,"Akkermansia muciniphila","Meal_Number_SC_channel",50.4598200104382
"67",0.221491228070175,0.298272210451646,"Akkermansia muciniphila","Preference_SC_vs_HF",52.1976368290381
"68",0.216534915673584,0.309489734552959,"Bacteroides fragilis","Reliability_[perc]_HF_channel",54.1607035467677
"69",0.215173934604229,0.312614753749676,"Bacteroides fragilis","Average_Meal_Duration_[min]_HF_channel",54.7075819061933
"70",0.211362666960566,0.321468388426826,"Bacteroides vulgatus","Meal_Number_HF_channel",56.2569679746945
"71",-0.211057501669527,0.322183808861104,"Akkermansia muciniphila","Average_Meal_Size[g]_SC_channel",56.3821665506932
"72",-0.209664937877779,0.325460742166145,"Bacteroides vulgatus","Average_Meal_Size[g]_SC_channel",56.9556298790754
"73",-0.207826086956522,0.328251491817007,"Bacteroides ovatus","Latency_First_Meal_[min]_HF_channel",57.4440110679761
"74",-0.208073212169366,0.329230923867901,"Bacteroides vulgatus","Average_Satiety_Ratio_[min_g]_SC_channel",57.6154116768828
"75",0.207862243885841,0.329732592785254,"Akkermansia muciniphila","Intermeal_Interval_[min]_HF_channel",57.7032037374195
"76",-0.206757680796325,0.332366680391901,"Bacteroides vulgatus","Satiety_ratio_SC_channel",58.1641690685828
"77",-0.202267474762785,0.343204181020035,"Bacteroides fragilis","Total_Meal_Size_[g]_HF_channel",60.0607316785061
"78",0.201748648477434,0.344469787597148,"Bacteroides ovatus","Average_Meal_Duration_[min]_SC_channel",60.2822128295008
"79",-0.2,0.347124138983156,"Bacteroides ovatus","BMI2",60.7467243220522
"80",0.20043859231849,0.347677793684464,"Akkermansia muciniphila","Total_Intake_[g]_HF_channel",60.8436138947812
"81",-0.199786814107627,0.349280397068057,"Bacteroides thetaiotaomicron","Intermeal_Interval_[min]_SC_channel",61.1240694869099
"82",-0.19715804023779,0.355788218330418,"Bacteroides ovatus","Average_Satiety_Ratio_[min_g]_SC_channel",62.2629382078232
"83",-0.196373420614013,0.357744317065514,"Bacteroides ovatus","First_Meal_Size_[g]_SC_channel",62.605255486465
"84",-0.193499422072935,0.364962923389463,"Bacteroides vulgatus","First_Meal_Size_[g]_HF_channel",63.868511593156
"85",0.191304347826087,0.368844845971177,"Bacteroides ovatus","Total_Intake_[g]_HF_channel",64.5478480449559
"86",-0.188395460671666,0.377989056381787,"Bacteroides ovatus","Satiety_ratio_SC_channel",66.1480848668128
"87",-0.186248982635605,0.383545713408809,"Bacteroides vulgatus","Latency_First_Meal_[min]_HF_channel",67.1204998465415
"88",-0.185699581196216,0.384975402685373,"Akkermansia muciniphila","Intermeal_Interval_[min]_SC_channel",67.3706954699403
"89",0.184113205725081,0.389120539514576,"Bacteroides vulgatus","Average_Meal_Duration_[min]_HF_channel",68.0960944150507
"90",0.176149842573591,0.410306640963975,"Bacteroides fragilis","Average_Intermeal_Interval_[min]_SC_channel",71.8036621686957
"91",-0.174782608695652,0.412260375092073,"Bacteroides thetaiotaomicron","Satiety_ratio_HF_channel",72.1455656411128
"92",-0.174657498579383,0.414346543772294,"Bacteroides vulgatus","First_Meal_Size_[g]_SC_channel",72.5106451601515
"93",-0.171304347826087,0.421752737998567,"Bacteroides ovatus","Eating_Rate_[mg_sec]_HF_channel",73.8067291497493
"94",-0.169034317498568,0.429763948305521,"Bacteroides thetaiotaomicron","Total_Intake_SC_channel_[g]",75.2086909534663
"95",-0.169034317498568,0.429763948305521,"Bacteroides thetaiotaomicron","Total_Meal_Size_[g]_SC_channel",75.2086909534663
"96",0.167826086956522,0.431365520890112,"Bacteroides thetaiotaomicron","Total_Meal_Size_[g]_HF_channel",75.4889661557696
"97",-0.167972213311551,0.432710334278644,"Bacteroides vulgatus","BMI2",75.7243084987626
"98",0.163465487680798,0.445332615080264,"Bacteroides ovatus","Reliability_[perc]_HF_channel",77.9332076390462
"99",0.162434574845954,0.448247115151189,"Bacteroides fragilis","energy_intake_SC_channel",78.443245151458
"100",0.156333368300696,0.465700349039551,"Bacteroides thetaiotaomicron","Preference_SC_vs_HF",81.4975610819214
"101",-0.151304347826087,0.478635757844327,"Bacteroides thetaiotaomicron","Average_Satiety_Ratio_[min_g]_HF_channel",83.7612576227573
"102",-0.149956920944824,0.484309121374052,"Bacteroides fragilis","Total_Intake_[g]_HF_channel",84.754096240459
"103",0.148825121638731,0.487650800188727,"Bacteroides vulgatus","Intermeal_Interval_[min]_HF_channel",85.3388900330271
"104",-0.143261651249151,0.504243819308377,"Bacteroides ovatus","Average_Meal_Size_[g]_HF_channel",88.242668378966
"105",-0.142608695652174,0.504550505804927,"Bacteroides thetaiotaomicron","BMI",88.2963385158622
"106",-0.137572499188147,0.521493170427052,"Bacteroides ovatus","Average_Intermeal_Interval_[min]_SC_channel",91.2613048247342
"107",-0.136245840530215,0.525555726989822,"Bacteroides ovatus","Total_Meal_Duration_[min]_SC_channel",91.9722522232189
"108",0.133979306695624,0.532531045724412,"Bacteroides fragilis","Intermeal_Interval_[min]_SC_channel",93.1929330017721
"109",-0.129258874349179,0.54719663221994,"Bacteroides thetaiotaomicron","energy_intake_SC_channel",95.7594106384895
"110",-0.128070175438596,0.550918767423631,"Akkermansia muciniphila","Average_Meal_Duration_[min]_SC_channel",96.4107842991355
"111",-0.126948777498486,0.554440744742525,"Bacteroides vulgatus","Average_Intermeal_Interval_[min]_SC_channel",97.0271303299419
"112",0.124534766879734,0.562056985823619,"Bacteroides fragilis","First_Meal_Size_[g]_SC_channel",98.3599725191333
"113",-0.121066433566434,0.573081137440918,"Bacteroides fragilis","First_Meal_Size_[g]_HF_channel",100.289199052161
"114",0.120750195063128,0.574091030257069,"Bacteroides fragilis","Intermeal_Interval_[min]_HF_channel",100.465930294987
"115",0.119080818840317,0.579435045296692,"Bacteroides thetaiotaomicron","Reliability_[perc]_HF_channel",101.401132926921
"116",0.118286586836276,0.581985139754387,"Bacteroides thetaiotaomicron","Average_Meal_Duration_[min]_HF_channel",101.847399457018
"117",-0.116390982244965,0.588091098656838,"Bacteroides fragilis","weight",102.915942264947
"118",0.116188033560062,0.58874644775121,"Bacteroides vulgatus","Total_Intake_[g]_HF_channel",103.030628356462
"119",0.112984673077555,0.599131775617948,"Bacteroides fragilis","Total_Intake_SC_channel_[g]",104.848060733141
"120",0.112984673077555,0.599131775617948,"Bacteroides fragilis","Total_Meal_Size_[g]_SC_channel",104.848060733141
"121",-0.11221183223942,0.601648840194926,"Akkermansia muciniphila","Average_Intermeal_Interval_[min]_SC_channel",105.288547034112
"122",-0.111135646393314,0.605161235237679,"Akkermansia muciniphila","First_Meal_Size_[g]_SC_channel",105.903216166594
"123",0.110162331654505,0.608345221974154,"Bacteroides fragilis","Average_Meal_Size[g]_SC_channel",106.460413845477
"124",-0.105492950199556,0.623715460305534,"Bacteroides thetaiotaomicron","First_Meal_Size_[g]_HF_channel",109.150205553468
"125",-0.101739130434783,0.63504499016213,"Bacteroides thetaiotaomicron","Eating_Rate_[mg_sec]_HF_channel",111.132873278373
"126",-0.101754385964912,0.636132913465497,"Akkermansia muciniphila","Eating_Rate_[mg_sec]_SC_channel",111.323259856462
"127",-0.101569658663209,0.636748983935139,"Bacteroides fragilis","energy_intake_HF_channel",111.431072188649
"128",-0.0995642680797728,0.643451977133666,"Bacteroides thetaiotaomicron","Eating_Rate_[mg_sec]_SC_channel",112.604095998391
"129",0.0990171490972011,0.645285437922372,"Bacteroides thetaiotaomicron","Average_Intermeal_Interval_[min]_SC_channel",112.924951636415
"130",0.091543469181433,0.670527720116928,"Bacteroides fragilis","Total_Meal_Duration_[min]_HF_channel",117.342351020462
"131",0.0913838466202737,0.671070755386644,"Bacteroides vulgatus","Average_Satiety_Ratio_[min_g]_HF_channel",117.437382192663
"132",-0.0904347826086956,0.673384938494084,"Bacteroides ovatus","BMI",117.842364236465
"133",-0.0888792956704277,0.67961199655546,"Bacteroides fragilis","Preference_SC_vs_HF",118.932099397206
"134",-0.0869003918766438,0.686387842517247,"Akkermansia muciniphila","BMI2",120.117872440518
"135",-0.0844099558541304,0.694948567458975,"Bacteroides thetaiotaomicron","First_Meal_Size_[g]_SC_channel",121.615999305321
"136",-0.0839861066557754,0.696409166842754,"Bacteroides vulgatus","BMI",121.871604197482
"137",-0.0817391304347826,0.703442320311412,"Bacteroides thetaiotaomicron","Latency_First_Meal_[min]_HF_channel",123.102406054497
"138",0.0814719430923973,0.705094445348517,"Bacteroides fragilis","Meal_Number_SC_channel",123.39152793599
"139",-0.0803501110819219,0.708981497664106,"Akkermansia muciniphila","Satiety_ratio_HF_channel",124.071762091219
"140",-0.0790400549229775,0.713529659944645,"Akkermansia muciniphila","weight",124.867690490313
"141",0.0747826086956522,0.727811968348571,"Bacteroides ovatus","Intermeal_Interval_[min]_HF_channel",127.367094461
"142",0.0621039028120871,0.77313073510561,"Akkermansia muciniphila","Average_Meal_Size_[g]_HF_channel",135.297878643482
"143",-0.0615726394703858,0.775022593186214,"Akkermansia muciniphila","Eating_Rate_[mg_sec]_HF_channel",135.628953807587
"144",-0.0615726394703858,0.775022593186214,"Akkermansia muciniphila","Average_Satiety_Ratio_[min_g]_HF_channel",135.628953807587
"145",-0.0585158417661823,0.785931858370729,"Bacteroides thetaiotaomicron","Total_Meal_Duration_[min]_SC_channel",137.538075214877
"146",-0.0581297259640058,0.787312679881808,"Bacteroides vulgatus","Total_Meal_Duration_[min]_SC_channel",137.779718979316
"147",-0.0563571383007249,0.793659704855123,"Bacteroides thetaiotaomicron","Average_Meal_Size[g]_SC_channel",138.890448349647
"148",0.0478260869565217,0.824535163728511,"Bacteroides ovatus","Total_Meal_Size_[g]_HF_channel",144.293653652489
"149",-0.0478260869565217,0.824535163728512,"Bacteroides thetaiotaomicron","Intermeal_Interval_[min]_HF_channel",144.29365365249
"150",-0.0453358133089001,0.833394144324471,"Bacteroides ovatus","First_Meal_Size_[g]_HF_channel",145.843975256782
"151",0.0417312594625714,0.846480733757564,"Bacteroides fragilis","Average_Satiety_Ratio_[min_g]_SC_channel",148.134128407574
"152",-0.0396688366452876,0.853986484099987,"Bacteroides fragilis","Average_Intermeal_Interval_[min]_HF_channel",149.447634717498
"153",-0.0395996668687853,0.854238429666539,"Bacteroides vulgatus","Total_Meal_Size_[g]_HF_channel",149.491725191644
"154",0.0379251515180222,0.860341885263144,"Bacteroides fragilis","BMI2",150.55982992105
"155",-0.0372154686304746,0.862930977773235,"Bacteroides fragilis","Latency_First_Meal_[min]_SC_channel",151.012921110316
"156",-0.0366815724504426,0.864879662745381,"Akkermansia muciniphila","BMI",151.353940980442
"157",0.0349424279110154,0.871232666920037,"Akkermansia muciniphila","Average_Meal_Duration_[min]_HF_channel",152.465716711006
"158",-0.0315236910752256,0.883743329103443,"Bacteroides fragilis","Eating_Rate_[mg_sec]_SC_channel",154.655082593103
"159",0.0282670152366101,0.895686111514572,"Bacteroides ovatus","Average_Meal_Duration_[min]_HF_channel",156.74506951505
"160",-0.0278989620362462,0.897037256797712,"Bacteroides fragilis","Latency_First_Meal_[min]_HF_channel",156.9815199396
"161",0.0248475130635318,0.908249665981054,"Bacteroides fragilis","BMI",158.943691546685
"162",0.0247915776389361,0.908455363356052,"Akkermansia muciniphila","size",158.979688587309
"163",-0.0234782608695652,0.914175672726269,"Bacteroides ovatus","Satiety_ratio_HF_channel",159.980742727097
"164",0.0228824128488229,0.915479479268471,"Akkermansia muciniphila","Satiety_ratio_SC_channel",160.208908871982
"165",-0.0205111279843683,0.924212303542332,"Akkermansia muciniphila","Reliability_[perc]_SC_channel",161.737153119908
"166",0.0191304347826087,0.930325211230185,"Bacteroides ovatus","Average_Satiety_Ratio_[min_g]_HF_channel",162.806911965282
"167",0.0157726432190232,0.941687405593346,"Bacteroides thetaiotaomicron","Satiety_ratio_SC_channel",164.795295978836
"168",0.0148277718411785,0.945175381831957,"Bacteroides fragilis","Meal_Number_HF_channel",165.405691820592
"169",0.0130633724543298,0.951691200868801,"Bacteroides thetaiotaomicron","Average_Meal_Size_[g]_HF_channel",166.54596015204
"170",0.0122676113925736,0.954630905255236,"Bacteroides thetaiotaomicron","Average_Satiety_Ratio_[min_g]_SC_channel",167.060408419666
"171",0.00614986981553684,0.977247500903021,"Bacteroides fragilis","Satiety_ratio_SC_channel",171.018312658029
"172",-0.0059106920766048,0.978132169755566,"Akkermansia muciniphila","First_Meal_Size_[g]_HF_channel",171.173129707224
"173",-0.00530839502903853,0.980360050162646,"Bacteroides fragilis","Reliability_[perc]_SC_channel",171.563008778463
"174",0.00484051041032792,0.982090841804133,"Akkermansia muciniphila","Average_Satiety_Ratio_[min_g]_SC_channel",171.865897315723
"175",-0.00174064469752902,0.993559439296402,"Bacteroides vulgatus","Satiety_ratio_HF_channel",173.87290187687
